{"cameraMode":{"drawMode":0,"name":"Shaded","section":"Shading Mode"},"sceneLighting":false,"audioPlay":false,"sceneViewState":{"m_AlwaysRefresh":false,"showFog":false,"showSkybox":false,"showFlares":false,"showImageEffects":false,"showParticleSystems":false,"showVisualEffectGraphs":true,"m_FxEnabled":true},"in2DMode":false,"pivot":{"x":-0.014595448970794678,"y":0.6821573972702026,"z":0.07592964172363281},"rotation":{"x":-0.12831884622573853,"y":-0.6872236728668213,"z":0.12527039647102357,"w":-0.7039133310317993},"size":1.2231000661849976,"orthographic":false}