{"cameraMode":{"drawMode":0,"name":"Shaded","section":"Shading Mode"},"sceneLighting":false,"audioPlay":false,"sceneViewState":{"m_AlwaysRefresh":false,"showFog":true,"showSkybox":false,"showFlares":true,"showImageEffects":true,"showParticleSystems":true,"showVisualEffectGraphs":true,"m_FxEnabled":true},"in2DMode":false,"pivot":{"x":1.0095250606536866,"y":0.10026978701353073,"z":2.2004847526550295},"rotation":{"x":-0.1274941861629486,"y":-0.14758414030075074,"z":0.019213182851672174,"w":-0.9804927110671997},"size":4.805576324462891,"orthographic":false}